dj_odds,opp_odds,dj_win
5.0,1.14,0
3.5,1.28,0
2.5,1.5,1
3.5,1.28,1
2.75,1.39,0
1.39,2.75,1
3.0,1.36,0
1.61,2.2,1
2.37,1.53,0
1.39,2.75,0
1.66,2.1,1
2.75,1.39,1
1.36,3.0,1
5.0,1.14,0
1.5,2.5,1
2.25,1.57,1
2.37,1.53,0
1.53,2.37,0
2.0,1.72,1
1.66,2.1,0
8.5,1.05,0
1.28,3.25,0
1.72,2.0,1
2.0,1.72,0
4.0,1.22,1
1.61,2.2,1
1.57,2.25,1
1.53,2.37,1
1.39,2.75,0
1.39,2.75,1
1.72,2.0,1
1.44,2.62,1
3.0,1.36,0
1.16,4.5,1
1.1,6.5,1
1.11,6.0,1
1.61,2.2,1
1.03,10.0,1
1.02,12.0,1
1.1,6.5,1
1.66,2.1,1
1.72,2.0,1
1.28,3.5,0
1.03,11.0,1
1.53,2.37,1
2.1,1.66,0
1.25,3.5,1
1.19,4.33,1
1.07,7.5,1
1.5,2.5,1
1.33,3.25,1
1.08,6.5,1
1.36,3.0,0
2.25,1.57,1
2.1,1.66,1
1.66,2.1,0
1.3,3.39,0
1.08,6.5,1
1.08,6.5,1
1.16,4.5,1
1.57,2.25,1
1.22,4.0,1
1.22,4.0,1
1.14,5.0,1
1.06,8.0,1
9.0,1.05,0
1.5,2.5,0
1.16,4.5,1
1.16,4.5,1
1.61,2.2,1
1.66,2.1,0
1.25,3.5,1
1.08,7.0,1
9.0,1.04,0
1.3,3.39,1
1.25,3.75,1
1.22,4.0,1
1.44,2.75,1
1.72,2.1,1
3.2,1.36,0
1.11,6.0,1
1.11,6.0,1
1.14,5.0,1
4.0,1.25,1
1.61,2.25,1
1.61,2.25,1
1.19,4.33,1
1.5,2.5,0
1.3,3.39,1
1.08,7.0,1
1.14,5.0,1
1.72,2.0,1
1.66,2.2,1
1.28,3.5,1
1.28,3.5,1
8.0,1.07,0
1.07,7.5,1
1.2,4.33,1
1.33,3.4,0
1.03,11.0,1
1.01,13.0,1
1.05,9.0,1
1.36,3.0,1
1.53,2.5,1
8.5,1.06,0
1.1,6.5,1
1.14,5.0,0
1.03,11.0,1
1.04,9.0,1
1.16,4.5,1
2.1,1.72,1
1.57,2.37,1
1.03,11.0,1
1.01,13.0,0
1.25,3.75,1
1.36,3.0,1
1.66,2.2,1
2.2,1.66,1
4.33,1.22,1
1.16,4.5,0
1.02,12.0,1
1.08,7.0,1
1.16,4.5,1
1.08,7.0,1
1.19,4.5,1
1.3,3.5,1
4.5,1.2,0
1.08,7.0,1
1.01,13.0,1
1.11,6.0,1
1.11,6.0,1
1.22,4.33,1
1.19,4.33,1
1.16,4.5,1
1.3,3.5,1
1.4,3.0,0
1.06,8.0,0
1.33,3.25,0
1.4,2.75,0
4.5,1.16,0
1.03,11.0,1
1.005,17.0,1
1.03,11.0,1
1.16,4.5,1
1.36,3.2,1
3.4,1.33,1
1.33,3.4,1
1.02,12.0,1
1.16,4.5,0
1.14,5.0,1
1.1,6.5,1
1.12,5.5,1
1.38,2.87,0
1.07,7.5,1
1.14,5.0,1
1.14,5.0,1
1.1,7.0,1
1.57,2.37,1
1.19,4.5,1
1.05,9.0,0
1.12,5.5,1
1.33,3.25,1
1.05,10.0,1
1.07,7.5,1
1.14,5.0,1
1.25,4.0,1
1.12,5.5,1
1.1,6.5,1
1.07,8.0,1
2.87,1.4,0
1.01,13.0,1
1.01,15.0,1
1.01,15.0,1
1.07,7.5,1
1.07,8.0,1
4.5,1.2,0
1.03,11.0,1
1.11,6.0,1
1.38,2.87,1
1.28,3.5,1
1.7,2.15,0
1.01,15.0,1
1.05,9.0,0
1.07,7.5,1
1.11,6.0,1
1.12,6.0,0
1.07,7.5,1
1.1,6.5,1
1.2,4.5,1
2.75,1.44,1
1.33,3.4,0
1.01,13.0,1
1.01,13.0,1
1.12,5.5,1
1.07,7.5,1
1.61,2.25,1
2.1,1.72,0
1.02,12.0,1
1.2,4.33,1
1.16,4.5,1
1.28,3.75,0
1.22,4.0,0
1.33,3.25,0
1.4,2.75,1
1.44,2.75,1
1.44,2.62,0
1.38,3.0,1
2.0,1.8,1
1.16,4.5,0
1.2,4.33,1
1.2,4.33,1
1.11,6.0,0
1.03,11.0,1
1.01,13.0,1
1.25,3.75,1
1.12,5.5,1
1.03,11.0,1
1.05,9.0,1
1.61,2.2,0
1.02,12.0,1
1.03,11.0,1
1.38,2.75,1
1.44,2.62,1
1.4,2.87,1
1.01,15.0,1
1.1,6.5,1
1.1,6.5,1
1.57,2.37,0
1.06,8.0,1
1.1,6.0,1
1.2,4.33,1
1.61,2.25,1
3.2,1.36,1
1.4,2.87,0
1.05,9.0,1
1.08,7.0,1
1.8,1.9,1
1.3,3.5,1
8.0,1.07,0
1.06,8.0,1
1.16,4.5,1
1.22,4.33,1
1.72,2.1,1
6.5,1.11,0
1.06,8.0,1
1.06,8.0,1
1.05,9.0,1
1.01,15.0,1
1.03,11.0,1
1.04,11.0,1
1.07,8.0,1
6.5,1.11,0
1.005,21.0,1
1.04,10.0,0
1.06,8.0,1
1.02,12.0,1
1.11,6.0,1
1.05,9.0,1
1.33,3.4,0
1.04,10.0,1
1.01,15.0,1
1.25,3.75,1
1.03,11.0,1
1.36,3.2,0
1.03,11.0,1
1.14,5.0,1
1.9,1.8,0
1.11,6.0,1
1.14,5.0,1
1.28,3.4,1
2.37,1.57,1
2.75,1.44,0
1.04,10.0,1
1.01,15.0,1
1.01,15.0,1
1.16,4.5,1
1.33,3.4,1
4.33,1.22,0
1.08,7.0,1
1.12,5.5,1
1.36,3.0,1
1.44,2.62,1
1.36,3.2,1
1.03,11.0,1
1.02,12.0,1
1.2,4.33,1
1.36,3.0,0
1.08,7.0,1
1.07,7.5,1
1.33,3.25,1
1.8,2.0,1
1.22,4.33,1
1.4,3.0,1
1.4,3.0,0
1.4,2.87,1
1.01,15.0,1
1.02,12.0,1
1.01,15.0,1
1.01,13.0,1
1.4,3.0,0
1.05,9.0,1
1.14,5.0,0
1.03,11.0,1
1.08,7.0,1
1.14,5.0,1
1.25,3.75,1
1.36,3.25,1
1.12,5.5,1
1.2,4.33,1
1.28,3.5,0
1.05,9.0,0
1.16,4.5,1
1.36,3.0,1
1.4,2.75,1
1.4,3.0,0
1.08,7.0,1
1.14,5.0,1
1.44,2.62,0
1.03,11.0,1
1.02,12.0,1
1.04,10.0,1
1.1,6.5,1
1.05,9.0,1
1.2,4.5,0
1.03,11.0,1
1.16,4.5,0
1.11,6.0,1
1.14,5.0,1
1.03,11.0,1
1.8,1.9,1
1.12,6.0,1
1.8,2.0,0
1.08,7.0,1
1.16,4.5,1
1.2,4.33,1
2.25,1.61,0
1.14,5.0,1
1.57,2.25,1
1.5,2.5,0
1.08,7.0,1
1.1,6.5,1
1.1,6.5,1
1.28,3.5,1
1.22,4.33,1
3.5,1.3,1
3.25,1.36,0
1.005,21.0,1
1.2,4.33,1
1.22,4.0,1
1.25,4.0,1
1.12,5.5,1
1.14,5.0,1
1.06,8.0,1
2.2,1.66,0
1.11,6.0,1
1.16,4.5,1
1.07,7.5,1
1.2,4.33,1
2.75,1.44,0
1.12,5.5,1
1.14,5.0,0
1.2,4.5,1
1.9,1.9,0
1.38,3.0,1
3.0,1.38,0
1.01,15.0,1
1.01,15.0,1
1.06,8.0,1
1.28,3.75,1
2.87,1.4,1
1.61,2.4,1
1.07,7.5,1
1.04,10.0,1
1.04,10.0,1
2.5,1.53,1
1.03,11.0,1
1.06,8.0,1
1.08,7.0,1
1.07,7.5,1
1.61,2.25,1
1.72,2.1,1
1.03,11.0,1
1.01,15.0,1
1.04,10.0,1
1.02,12.0,1
1.07,8.0,1
2.0,1.8,1
1.01,15.0,1
1.005,21.0,1
1.04,11.0,1
1.02,12.0,1
1.05,9.0,1
1.3,3.5,1
1.08,7.5,1
3.6,1.28,1
1.01,21.0,1
1.05,9.0,1
1.16,5.0,1
1.16,5.0,1
2.75,1.44,1
1.01,21.0,1
1.12,5.5,1
1.04,10.0,1
1.33,3.4,0
1.01,15.0,1
1.01,15.0,1
1.02,12.0,1
1.06,9.0,1
1.07,8.0,1
1.44,2.75,1
2.3,1.66,1
1.05,11.0,1
1.1,7.0,1
1.07,9.0,1
1.07,9.0,1
1.03,15.0,1
1.05,11.0,1
1.06,10.0,1
1.002,34.0,1
1.02,17.0,1
1.02,19.0,1
1.53,2.5,1
1.57,2.37,1
1.04,13.0,1
1.02,17.0,1
1.05,11.0,1
1.05,11.0,0
1.25,3.75,1
1.22,4.0,1
1.3,3.4,1
1.28,3.6,0
1.3,3.5,0
1.002,34.0,1
1.002,34.0,1
1.01,21.0,1
1.1,8.0,1
1.36,3.3,1
1.66,2.3,1
1.01,26.0,1
1.01,26.0,1
1.1,7.0,1
1.33,3.4,0
1.01,23.0,1
1.04,13.0,1
1.01,26.0,1
1.08,8.0,1
1.1,7.0,0
1.07,9.0,1
1.03,15.0,1
1.05,11.0,1
1.22,4.33,1
1.05,11.0,1
1.41,2.9,1
1.01,21.0,1
1.08,8.0,1
1.04,13.0,1
1.28,3.75,1
2.1,1.72,0
1.01,26.0,1
1.16,5.0,1
1.1,7.0,0
1.03,15.0,1
1.08,8.0,1
1.16,5.0,1
1.85,1.95,1
2.25,1.61,0
1.002,34.0,1
1.02,19.0,1
1.16,5.0,1
1.53,2.5,1
4.33,1.25,0
1.01,23.0,1
1.01,21.0,1
1.01,23.0,1
1.02,19.0,1
1.02,17.0,1
1.44,2.87,0
1.07,9.0,1
1.1,7.0,1
1.1,7.0,1
1.16,5.0,1
1.11,6.5,1
1.04,13.0,1
1.08,8.0,1
1.25,4.0,1
1.53,2.5,0
1.002,34.0,1
1.01,21.0,1
1.12,6.0,1
1.07,9.0,1
1.44,2.87,0
1.01,26.0,1
1.01,26.0,1
1.02,17.0,1
1.02,17.0,1
1.18,4.5,1
1.02,17.0,1
1.02,17.0,1
1.06,10.0,1
1.14,5.5,1
1.57,2.37,1
1.08,8.0,0
1.25,4.0,1
1.8,2.0,1
1.18,4.5,1
1.16,5.0,1
1.61,2.3,1
1.002,29.0,1
1.002,34.0,1
1.02,19.0,1
1.16,5.0,1
1.08,8.0,1
1.53,2.62,1
1.02,19.0,1
1.01,26.0,1
1.02,17.0,1
1.1,7.0,1
1.11,6.5,1
1.002,29.0,1
1.02,17.0,1
1.04,13.0,1
1.08,8.0,1
1.11,6.5,0
1.01,26.0,1
1.002,34.0,1
1.05,11.0,0
1.06,10.0,1
1.1,7.0,1
1.11,6.5,1
1.12,6.0,1
2.87,1.4,1
1.05,11.0,0
1.01,21.0,1
1.06,10.0,1
1.12,6.0,0
1.002,29.0,1
1.07,9.0,1
1.03,15.0,1
1.08,8.0,1
2.3,1.61,0
1.01,26.0,1
1.002,29.0,1
1.02,19.0,1
1.1,7.0,1
1.1,7.0,1
1.16,5.0,1
1.57,2.5,0
1.03,15.0,1
1.02,17.0,1
1.11,6.5,1
1.4,3.0,0
1.03,15.0,1
1.02,19.0,1
1.1,7.0,0
1.002,34.0,1
1.002,34.0,1
1.01,26.0,1
1.02,17.0,1
1.14,5.5,1
2.2,1.66,0
1.01,21.0,1
1.04,13.0,1
1.05,11.0,1
1.1,7.0,1
1.72,2.1,1
1.01,21.0,1
1.06,10.0,1
1.1,7.0,1
1.14,5.5,1
1.33,3.4,1
1.01,23.0,1
1.14,5.5,1
1.14,5.5,1
1.28,3.75,1
1.12,6.0,1
1.28,3.75,1
1.28,3.75,1
1.06,10.0,1
1.14,5.5,1
1.57,2.37,1
1.002,34.0,1
1.01,26.0,1
1.01,26.0,1
1.07,9.0,0
1.02,17.0,1
1.02,17.0,1
1.22,4.33,0
1.0166666666666668,34.0,1
1.01,26.0,1
1.14,5.5,1
1.05,11.0,1
1.14,5.5,1
1.53,2.5,1
1.02,17.0,1
1.04,13.0,1
1.28,3.75,1
1.72,2.1,1
1.01,21.0,1
1.01,26.0,1
1.01,21.0,1
1.28,3.75,0
1.03,15.0,1
1.1,7.0,1
1.33,3.4,1
1.12,6.0,1
2.1,1.72,1
1.01,21.0,1
1.02,19.0,1
1.1,7.0,1
1.07,9.0,1
1.1,7.0,1
2.2,1.66,0
1.01,26.0,1
1.03,15.0,1
1.01,21.0,1
1.08,8.0,1
1.08,8.0,1
1.25,4.0,1
1.61,2.4,1
1.07,9.0,1
1.12,6.0,0
1.05,11.0,1
1.1,7.0,0
1.002,34.0,1
1.01,26.0,1
1.01,21.0,1
1.04,13.0,1
1.25,4.0,1
1.1,7.0,0
1.04,13.0,1
1.03,15.0,1
1.16,5.0,1
1.3,3.5,1
1.14,5.5,1
1.03,15.0,1
1.02,19.0,1
1.1,7.0,1
1.33,3.4,0
1.14,5.5,1
1.16,5.0,1
1.36,3.25,1
1.2,4.5,1
1.16,5.0,1
1.12,6.0,1
1.14,5.5,1
1.07,9.0,1
1.07,9.0,1
1.03,15.0,1
1.02,17.0,1
1.05,11.0,0
1.01,26.0,1
1.01,26.0,1
1.03,15.0,1
1.02,17.0,1
1.11,6.5,1
1.22,4.33,1
1.44,2.75,1
1.02,15.0,1
1.01,21.0,1
1.01,26.0,1
1.11,6.5,1
1.44,2.75,0
1.02,17.0,1
1.01,26.0,1
1.1,7.0,1
1.3,3.5,1
1.5,2.62,1
1.02,17.0,1
1.02,19.0,1
1.04,13.0,1
1.11,6.5,1
1.14,5.5,1
1.28,3.75,1
1.02,19.0,1
1.01,21.0,1
1.04,13.0,1
1.4,3.0,1
1.07,9.0,1
1.03,15.0,1
1.02,19.0,1
1.2,4.5,1
1.12,6.0,1
1.36,3.25,1
1.002,34.0,1
1.002,34.0,1
1.005,29.0,1
1.02,19.0,1
1.33,3.4,1
1.16,5.0,1
1.12,6.0,0
1.03,15.0,1
1.005,34.0,1
1.02,17.0,1
1.03,15.0,1
1.08,7.5,1
1.06,10.0,1
1.83,2.0,1
1.01,21.0,1
1.04,13.0,1
1.04,11.0,1
1.04,13.0,1
1.44,2.75,0
1.03,15.0,1
1.06,10.0,1
1.25,4.0,1
1.1,7.0,1
1.9,1.9,0
1.005,34.0,1
1.01,26.0,1
1.005,26.0,1
1.02,15.0,1
1.12,6.0,1
1.66,2.2,1
1.03,11.0,1
1.002,41.0,1
1.08,8.0,1
1.07,9.0,1
1.1,7.0,1
1.01,21.0,1
1.03,15.0,1
1.01,21.0,1
1.28,3.75,1
1.06,10.0,1
1.03,13.0,1
1.04,13.0,1
1.1,7.0,1
1.12,6.0,1
1.25,4.0,1
1.05,11.0,1
1.3,3.5,0
1.06,10.0,1
1.2,4.5,1
1.44,2.75,1
1.01,21.0,1
1.02,15.0,1
1.01,21.0,1
1.07,9.0,1
1.14,5.5,1
1.002,41.0,1
1.01,26.0,1
1.01,21.0,1
1.12,6.0,1
1.3,3.5,1
1.2,5.0,1
1.02,17.0,1
1.005,34.0,1
1.005,29.0,1
1.1,7.0,1
1.07,9.0,1
1.11,6.5,1
1.14,5.5,1
1.14,5.5,1
1.01,23.0,1
1.01,26.0,1
1.1,7.0,1
1.08,8.0,1
1.07,9.0,1
1.14,5.5,1
1.01,23.0,0
1.05,11.0,1
1.04,13.0,1
1.1,7.0,1
1.12,6.0,1
1.25,4.0,1
1.005,34.0,1
1.04,13.0,1
1.36,3.4,1
1.14,5.5,1
1.44,2.75,0
1.005,34.0,1
1.005,34.0,1
1.01,21.0,1
1.06,10.0,1
1.08,8.0,1
1.3,3.5,1
1.005,34.0,1
1.005,34.0,1
1.01,26.0,0
1.03,15.0,1
1.03,15.0,1
1.1,7.0,1
1.1,7.0,1
1.11,6.5,1
1.01,26.0,1
1.06,10.0,1
1.14,5.5,1
1.33,3.4,0
1.04,13.0,1
1.03,15.0,1
1.02,15.0,1
1.14,5.5,0
1.08,8.0,1
1.11,6.5,1
1.18,4.5,0
1.12,6.0,1
1.22,4.33,1
1.1,7.0,1
1.22,4.33,1
1.53,2.5,0
1.03,15.0,1
1.02,19.0,1
1.02,17.0,1
1.08,8.0,1
2.3,1.61,1
1.06,10.0,1
1.01,23.0,0
1.07,9.0,1
1.25,3.75,1
1.33,3.25,0
1.07,9.0,1
1.36,3.25,1
1.4,3.0,0
1.08,8.0,1
1.12,6.0,1
1.33,3.4,0
1.14,5.5,1
1.14,5.5,1
2.75,1.44,0
1.11,6.5,1
1.22,4.33,1
1.44,2.75,1
1.57,2.37,1
1.16,5.0,0
1.01,21.0,1
1.01,21.0,1
1.05,11.0,1
1.1,7.0,1
1.44,2.75,0
1.18,4.5,1
1.1,7.0,1
1.12,6.0,1
1.16,5.0,1
1.01,26.0,1
1.07,9.0,1
1.03,15.0,1
1.07,8.0,1
1.25,4.0,1
1.08,8.0,1
1.25,4.0,0
1.1,7.0,0
1.2,4.33,0
1.28,3.5,1
1.36,3.0,1
1.61,2.3,0
1.16,5.0,0
1.66,2.1,1
1.28,3.5,0
1.12,6.0,1
1.1,7.0,1
1.16,5.0,1
1.53,2.5,1
5.0,1.16,0
1.06,11.0,1
1.07,9.0,1
1.16,5.0,1
1.22,4.33,1
1.08,9.0,0
1.12,6.0,1
1.36,3.0,1
1.08,8.0,1
1.11,6.5,1
1.66,2.2,0
1.03,15.0,1
1.01,23.0,1
1.25,4.0,1
1.11,7.0,1
1.12,6.0,1
1.9,1.9,1
1.16,5.0,1
1.04,11.0,1
1.06,10.0,1
1.22,4.0,0
1.14,5.5,1
1.1,7.0,1
1.25,3.75,1
1.36,3.25,1
1.44,2.75,1
2.1,1.72,1
1.02,19.0,1
1.02,17.0,1
1.08,9.0,1
1.02,19.0,1
1.06,11.0,1
1.16,5.0,1
1.44,2.75,1
1.08,8.0,1
1.05,12.0,1
1.16,5.0,1
1.33,3.4,1
1.12,6.0,1
1.02,17.0,1
1.14,5.5,1
1.4,3.0,1
1.16,5.0,0
1.11,7.0,1
1.14,5.5,1
1.2,4.5,1
1.11,7.0,1
1.14,5.5,0
1.05,11.0,1
1.04,13.0,1
1.06,10.0,1
1.16,5.0,0
1.005,29.0,1
1.06,10.0,1
1.05,11.0,1
1.11,6.5,1
1.05,11.0,1
1.74,2.15,1
1.02,17.0,1
1.07,9.0,0
1.04,13.0,1
1.04,13.0,1
1.2,4.5,0
1.16,5.0,1
1.07,9.0,1
1.22,4.33,0
1.1,7.0,1
1.08,8.0,1
1.8,2.0,1
1.4,3.0,1
1.1,7.0,1
1.08,8.0,1
1.1,7.0,1
1.11,6.5,1
2.75,1.44,0
1.03,15.0,1
1.005,29.0,1
1.005,29.0,1
1.04,13.0,1
1.1,7.0,1
1.44,2.75,0
1.03,15.0,1
1.01,26.0,1
1.01,23.0,1
1.02,17.0,1
1.08,8.0,1
1.08,8.0,1
1.55,2.6,1
1.1,7.0,1
1.06,10.0,1
1.04,13.0,1
1.33,3.4,0
1.005,34.0,1
1.01,26.0,1
1.08,8.0,1
1.11,6.5,1
1.04,13.0,1
1.14,5.5,1
1.14,5.5,1
1.05,11.0,1
1.1,7.0,1
1.11,6.5,1
1.14,5.5,0
1.03,15.0,1
1.1,7.0,1
1.3,3.5,1
1.12,6.0,1
1.12,6.0,1
1.01,23.0,1
1.005,29.0,1
1.01,23.0,1
1.04,13.0,1
1.12,6.0,1
1.11,6.5,1
1.25,4.0,1
1.02,19.0,1
1.07,9.0,1
1.11,6.5,1
1.3,3.5,1
1.07,9.0,1
1.16,5.0,1
1.14,5.5,1
1.2,4.5,1
1.36,3.2,1
1.01,26.0,1
1.03,15.0,1
1.05,11.0,1
1.04,13.0,1
1.16,5.0,1
1.03,15.0,1
1.16,5.0,1
1.16,5.0,1
1.01,23.0,1
1.005,34.0,1
1.04,13.0,1
1.06,10.0,1
1.33,3.4,1
2.1,1.72,0
1.08,8.0,1
1.12,6.0,1
1.03,15.0,0
1.12,6.0,1
1.4,2.75,0
1.33,3.25,1
1.57,2.25,0
1.01,26.0,1
1.01,21.0,1
1.44,2.75,1
1.57,2.37,1
1.07,9.0,1
1.83,2.0,1
1.33,3.4,1
1.05,11.0,0
1.01,21.0,1
1.05,11.0,1
1.12,6.0,0
1.11,6.5,1
1.16,5.0,1
1.57,2.37,1
1.16,5.0,1
2.62,1.5,0
1.01,26.0,1
1.02,19.0,1
1.02,19.0,1
1.02,19.0,1
1.02,19.0,1
1.16,5.0,1
3.0,1.4,1
1.4,3.0,1
1.01,26.0,1
1.02,19.0,1
1.02,19.0,1
1.01,21.0,1
1.03,15.0,1
1.08,8.0,1
1.22,4.5,1
1.01,23.0,1
1.01,26.0,1
1.03,15.0,1
1.03,15.0,1
1.1,7.0,1
1.4,3.0,1
1.4,3.0,0
1.08,8.0,1
1.22,4.33,1
1.16,5.0,1
2.0,1.8,1
1.11,6.5,1
1.22,4.33,1
1.14,5.5,1
1.4,3.0,0
1.06,10.0,1
1.12,6.0,1
1.05,11.0,0
1.16,5.0,0
1.14,5.5,1
1.53,2.5,1
1.25,4.0,1
1.4,3.0,0
1.2,4.5,1
1.3,3.5,1
1.72,2.1,0
1.08,8.0,1
1.07,9.0,1
1.16,5.0,1
1.2,4.5,1
1.44,2.75,1
1.01,26.0,1
1.03,15.0,1
1.01,21.0,1
1.07,9.0,1
1.44,2.75,0
1.005,34.0,1
1.02,17.0,1
1.02,17.0,1
1.05,11.0,1
1.11,6.5,1
1.06,10.0,1
1.28,3.75,1
1.03,15.0,1
1.06,10.0,1
1.06,10.0,1
1.25,4.0,1
1.05,11.0,1
1.08,8.0,1
1.12,6.0,1
1.25,4.0,1
1.06,10.0,1
1.08,8.0,1
1.11,6.5,1
1.2,4.5,1
1.25,4.0,0
1.33,3.4,1
1.3,3.5,1
1.33,3.4,1
1.22,4.33,1
1.22,4.33,1
1.03,17.0,1
1.03,15.0,1
1.14,5.5,1
1.53,2.5,1
1.14,5.5,1
1.01,29.0,1
1.01,29.0,1
1.2,4.5,1
1.2,4.5,1
1.11,6.5,1
1.05,11.0,1
1.2,4.8,1
1.05,11.0,1
1.06,10.0,1
1.1,7.0,1
1.44,2.75,0
1.02,19.0,1
1.17,5.0,0
1.06,10.0,1
1.08,8.0,0
1.11,6.5,1
1.14,5.5,1
1.17,5.0,1
1.33,3.4,0
1.01,29.0,1
1.05,11.0,1
1.13,6.0,1
1.03,15.0,1
1.08,8.0,1
2.63,1.5,1
1.2,4.8,1
1.01,34.0,1
1.03,15.0,1
1.04,15.0,1
1.05,11.0,1
1.07,9.0,1
1.2,4.5,1
1.53,2.63,0
1.13,6.0,1
1.22,4.33,1
1.29,3.75,1
1.62,2.3,1
1.01,29.0,1
1.01,34.0,1
1.01,26.0,1
1.02,19.0,1
1.13,6.0,1
1.06,10.0,1
1.44,2.88,1
1.05,11.0,1
1.1,7.0,1
1.29,3.75,1
1.36,3.2,1
1.33,3.4,1
1.2,4.5,1
1.62,2.3,0
1.14,5.5,1
1.62,2.3,1
1.53,2.5,1
1.01,34.0,1
1.02,19.0,1
1.05,11.0,1
1.02,19.0,1
1.1,7.0,1
1.5,2.63,0
1.02,21.0,1
1.03,17.0,0
1.14,5.5,1
1.2,4.5,1
1.22,4.33,1
1.4,3.0,0
1.08,8.0,1
1.07,9.0,0
1.08,8.0,1
1.14,5.5,1
1.14,5.5,0
1.02,21.0,1
1.03,17.0,1
1.2,4.5,1
1.14,5.5,1
1.02,21.0,1
1.02,19.0,1
1.13,6.0,1
1.3,3.5,1
1.11,6.5,1
2.1,1.8,0
1.01,29.0,1
1.13,6.0,0
1.2,4.5,1
1.1,7.0,1
1.1,7.0,1
1.1,7.0,1
1.4,3.0,1
3.0,1.4,0
1.04,13.0,1
1.06,10.0,1
1.05,11.0,0
1.04,13.0,1
1.01,23.0,1
1.22,4.33,1
1.25,4.0,1
2.5,1.53,1
1.29,3.75,0
1.1,7.0,0
1.08,8.0,1
1.05,11.0,1
1.3,3.5,1
1.25,4.0,1
1.22,4.33,1
1.22,4.33,0
1.17,5.0,0
1.3,3.5,0
1.25,4.0,1
1.29,3.75,1
1.17,5.0,1
1.36,3.2,1
1.02,21.0,1
1.07,9.0,1
1.05,11.0,1
1.08,8.0,1
1.91,1.91,1
4.33,1.22,0
1.02,15.0,1
1.06,9.0,1
1.04,9.5,1
1.17,5.0,1
1.1,7.0,1
2.8,1.4,0
1.14,5.5,1
1.05,11.0,1
1.08,8.0,1
1.14,5.5,1
1.44,2.75,1
4.0,1.25,0
1.08,8.0,1
1.08,8.0,1
1.17,5.0,1
1.33,3.4,1
1.11,6.5,0
1.2,4.5,1
1.17,5.0,1
1.2,4.5,1
1.36,3.2,1
1.02,17.0,1
1.01,29.0,1
1.06,10.0,1
10.0,1.06,1
3.5,1.3,0
1.1,7.0,1
1.13,6.0,1
1.67,2.2,0
1.44,2.75,0
1.08,8.0,1
1.1,7.0,1
1.44,2.75,0
1.05,11.0,1
1.17,5.0,1
1.13,6.0,1
1.17,5.0,1
1.57,2.38,1
5.0,1.18,0
